CC,-2.205749787390232086e-02,2.753034234046936035e-01,-1.786739751696586609e-02,2.653168439865112305e-01,-2.306887954473495483e-01,1.894873231649398804e-01,2.316575199365615845e-01,6.397253833711147308e-03,-7.580729573965072632e-02,-9.218829125165939331e-02,4.851517267525196075e-03,1.980724036693572998e-01,-7.160067558288574219e-02,-2.585272490978240967e-01,-1.704811900854110718e-01,-2.035760879516601562e-01,8.881460875272750854e-02,9.981345385313034058e-03,-1.275129914283752441e-01,3.802086692303419113e-03,-2.694766521453857422e-01,-1.017659977078437805e-01,1.363133639097213745e-02,1.335814893245697021e-01,5.750492960214614868e-02,4.473033845424652100e-01,1.087883189320564270e-01,4.792058840394020081e-02,-9.667999111115932465e-03,-1.337177604436874390e-01,7.585386931896209717e-02,4.549973085522651672e-02,6.432969123125076294e-02,2.734886016696691513e-03,2.196814864873886108e-01,1.305526196956634521e-01,-4.257376864552497864e-02,-2.811994254589080811e-01,-3.201768696308135986e-01,1.946699246764183044e-02,1.802395284175872803e-02,1.084175035357475281e-01,-5.088536441326141357e-02,1.163931861519813538e-01,-9.387879818677902222e-02,1.599354296922683716e-02,-1.326791197061538696e-01,-1.193809956312179565e-01,2.765528671443462372e-02,2.036276161670684814e-01,9.276600182056427002e-02,1.735290437936782837e-01,-1.917941309511661530e-02,-2.033335417509078979e-01,2.203694581985473633e-01,3.059589862823486328e-01,-1.029527187347412109e-01,8.792620152235031128e-02,1.179524362087249756e-01,1.123793050646781921e-01,2.564098685979843140e-02,5.491380393505096436e-02,1.444832887500524521e-03,3.896815329790115356e-02,-3.091912865638732910e-01,2.452323287725448608e-01,1.444475501775741577e-01,1.258134990930557251e-01,1.090685576200485229e-01,-1.756941080093383789e-01,-1.967943906784057617e-01,-4.906097054481506348e-02,6.794283539056777954e-02,7.186788320541381836e-02,2.260044515132904053e-01,-6.869108974933624268e-02,-8.305424451828002930e-02,-4.752127453684806824e-03,2.140441164374351501e-02,1.637797337025403976e-03,1.012641936540603638e-03,-1.466576755046844482e-01,-2.047821879386901855e-01,1.173790991306304932e-01,-1.158680990338325500e-01,-2.778187990188598633e-01,8.615819364786148071e-02,-8.580036461353302002e-02,-3.162096738815307617e-01,2.473017722368240356e-01,8.729235827922821045e-02,5.424442514777183533e-02,-1.464419066905975342e-01,1.244055479764938354e-01,5.174975469708442688e-02,-5.589345097541809082e-02,-1.665268391370773315e-01,-1.634543687105178833e-01,-1.441493928432464600e-01,8.872857317328453064e-03
AA,1.117470413446426392e-01,-3.213040232658386230e-01,5.415842682123184204e-02,-7.060755789279937744e-02,1.026528924703598022e-01,-1.119641661643981934e-01,-2.584685683250427246e-01,-1.768945902585983276e-01,-2.101730369031429291e-02,-1.006057392805814743e-02,-4.889003187417984009e-02,-1.356431245803833008e-01,1.135690137743949890e-01,3.206921815872192383e-01,1.519110500812530518e-01,1.014313623309135437e-01,-1.287120729684829712e-01,7.610554993152618408e-02,1.891078650951385498e-01,-9.250549972057342529e-02,2.590892612934112549e-01,-1.213270872831344604e-01,2.379876794293522835e-03,-4.320659115910530090e-02,8.624990470707416534e-03,-3.787629008293151855e-01,-6.539738923311233521e-02,-7.271303236484527588e-02,5.443651229143142700e-03,5.318243987858295441e-03,-1.630668044090270996e-01,-5.310894176363945007e-02,-7.025641947984695435e-02,-4.193225130438804626e-02,-1.742136925458908081e-01,-9.174016863107681274e-02,-6.615129858255386353e-02,1.657220423221588135e-01,3.995330929756164551e-01,4.335750825703144073e-03,6.126960739493370056e-02,-6.558366864919662476e-02,1.928430199623107910e-01,-5.736235529184341431e-02,1.178398132324218750e-01,9.104371815919876099e-02,2.040284574031829834e-01,7.657305896282196045e-02,1.856429129838943481e-02,-2.562224864959716797e-01,1.150401681661605835e-02,2.038928307592868805e-02,-1.092519238591194153e-02,1.674033403396606445e-01,-2.357502430677413940e-01,-2.062879800796508789e-01,1.502035185694694519e-02,-2.181697487831115723e-01,-2.028812468051910400e-02,-1.142870485782623291e-01,-1.750523895025253296e-01,7.927685976028442383e-02,4.814099520444869995e-02,-8.376084268093109131e-02,2.416810542345046997e-01,-5.570216476917266846e-02,-1.681265383958816528e-01,6.413021124899387360e-03,-5.899033695459365845e-02,3.518004715442657471e-02,1.773277968168258667e-01,8.245893567800521851e-02,-1.483373194932937622e-01,-7.144787162542343140e-02,-1.053275018930435181e-01,-1.036963015794754028e-01,1.245915889739990234e-01,7.071293145418167114e-02,-1.037078648805618286e-01,-6.112949177622795105e-02,-2.206667698919773102e-02,2.738987095654010773e-02,1.568539738655090332e-01,-1.847459077835083008e-01,7.340899109840393066e-02,2.292107045650482178e-01,-1.829473525285720825e-01,3.928427398204803467e-02,2.163484096527099609e-01,-5.054144933819770813e-02,1.875645131804049015e-03,-1.511646248400211334e-02,4.242317378520965576e-01,-1.091243773698806763e-01,4.336719959974288940e-02,-1.402337551116943359e-01,1.760180443525314331e-01,-1.360347568988800049e-01,9.206450730562210083e-02,-1.399380862712860107e-01
CA,-9.233515709638595581e-02,1.380872130393981934e-01,-5.805696174502372742e-02,3.162859976291656494e-01,-7.066936790943145752e-02,1.850975602865219116e-01,4.032359123229980469e-01,-1.414340734481811523e-01,-3.091890737414360046e-02,-1.942766159772872925e-01,-1.329982727766036987e-01,4.039232805371284485e-02,-1.357258260250091553e-01,-2.636782228946685791e-01,6.571979820728302002e-02,-1.090151965618133545e-01,1.911987066268920898e-01,4.818797484040260315e-02,-5.474878847599029541e-02,-1.374912858009338379e-01,-2.636080980300903320e-01,-1.605641096830368042e-01,-2.167872190475463867e-01,1.829975843429565430e-01,-1.209913268685340881e-01,4.218816757202148438e-01,-5.877146497368812561e-02,-4.266018420457839966e-02,5.691407620906829834e-02,-6.621415913105010986e-02,5.317804962396621704e-02,1.675197184085845947e-01,-6.096166372299194336e-02,-1.946663856506347656e-01,1.924661397933959961e-01,-6.468325108289718628e-02,-5.447074770927429199e-02,-1.905068457126617432e-01,-3.499331772327423096e-01,2.275113388895988464e-02,-2.615942060947418213e-02,1.944290101528167725e-01,1.062508821487426758e-01,2.593751549720764160e-01,-1.105131655931472778e-01,-5.504672601819038391e-02,-1.882629096508026123e-01,-2.519176304340362549e-01,1.957020349800586700e-02,1.764745563268661499e-01,-1.015360131859779358e-01,1.836661100387573242e-01,3.460226207971572876e-02,-1.394469439983367920e-01,3.446642756462097168e-01,2.883384823799133301e-01,-1.925479620695114136e-01,-8.167010545730590820e-02,-1.873171515762805939e-02,2.684695124626159668e-01,-9.563838690519332886e-02,8.459442853927612305e-02,9.811306744813919067e-02,1.651353091001510620e-01,-5.389781668782234192e-02,3.555618822574615479e-01,1.847360134124755859e-01,2.219511717557907104e-01,7.585671264678239822e-03,-9.707117080688476562e-02,-1.022240146994590759e-01,-7.032492011785507202e-02,1.330797374248504639e-01,1.084753796458244324e-01,2.584611773490905762e-01,9.383593499660491943e-02,-1.154997125267982483e-01,-7.878261059522628784e-02,-7.601698394864797592e-03,-5.099403485655784607e-02,1.244865208864212036e-01,-5.077401548624038696e-02,-1.710472255945205688e-01,1.295528411865234375e-01,-1.624277532100677490e-01,-2.464682459831237793e-01,1.802677959203720093e-01,-1.558219175785779953e-02,-4.067269563674926758e-01,3.034152388572692871e-01,-1.247322037816047668e-01,-1.353004723787307739e-01,-2.731129229068756104e-01,1.638789325952529907e-01,3.655379638075828552e-02,-9.155846387147903442e-02,-5.337844416499137878e-02,-1.417714506387710571e-01,-3.347243070602416992e-01,1.016346439719200134e-01
AC,-3.249735012650489807e-02,-3.999350070953369141e-01,-6.540128588676452637e-02,-1.945113837718963623e-01,1.150047257542610168e-01,-6.180057674646377563e-02,-2.236193865537643433e-01,-2.420584857463836670e-01,5.069692805409431458e-02,2.527478616684675217e-03,-8.937010169029235840e-02,-2.140221148729324341e-01,8.279421180486679077e-02,3.258385956287384033e-01,7.806052919477224350e-03,1.802485249936580658e-02,-2.275344878435134888e-01,5.475438758730888367e-02,1.176485940814018250e-01,-4.497313126921653748e-02,2.298195511102676392e-01,-4.327693954110145569e-02,1.368986815214157104e-01,2.061072364449501038e-02,-8.038790524005889893e-02,-3.880453109741210938e-01,-1.875771582126617432e-02,4.738329909741878510e-03,1.859899051487445831e-02,4.652927163988351822e-03,-1.972661614418029785e-01,-1.293175965547561646e-01,4.895075690001249313e-03,3.348685801029205322e-02,-3.371692299842834473e-01,-1.574109941720962524e-01,-3.422039002180099487e-02,2.392957955598831177e-01,4.957474768161773682e-01,-1.677873581647872925e-01,-7.401626557111740112e-02,-2.199087738990783691e-01,1.843461692333221436e-01,-1.990773975849151611e-01,1.278580129146575928e-01,2.567572295665740967e-01,3.222744464874267578e-01,7.192407548427581787e-02,-2.689123386517167091e-03,-2.750252783298492432e-01,-4.151835292577743530e-02,-1.957288980484008789e-01,2.482906356453895569e-02,1.581707298755645752e-01,-1.547539085149765015e-01,-3.283236324787139893e-01,2.166526913642883301e-01,-2.984844744205474854e-01,-4.228285700082778931e-02,-4.871096089482307434e-02,-1.970296800136566162e-01,7.366402447223663330e-02,-5.525999888777732849e-02,-2.722691297531127930e-01,1.741394549608230591e-01,-1.410022228956222534e-01,-1.466504335403442383e-01,-1.053099930286407471e-01,-2.943581342697143555e-02,8.746615797281265259e-02,5.482872948050498962e-02,-3.842280060052871704e-02,-2.510027959942817688e-02,1.363201290369033813e-01,-2.756407856941223145e-02,2.755503915250301361e-02,1.053596064448356628e-01,1.983658038079738617e-02,1.607964932918548584e-02,-6.592097878456115723e-02,6.769197434186935425e-02,6.981233507394790649e-02,8.996223658323287964e-02,-2.380513101816177368e-01,5.492595583200454712e-02,2.265167683362960815e-01,-1.038466989994049072e-01,7.895975559949874878e-02,1.970002949237823486e-01,-2.381079345941543579e-01,-8.260864019393920898e-02,8.904562145471572876e-02,3.488404154777526855e-01,2.754954062402248383e-02,1.282303184270858765e-01,-1.859008334577083588e-02,1.853329986333847046e-01,-3.313099220395088196e-02,3.123026154935359955e-02,-1.438731700181961060e-01
CT,6.198455020785331726e-02,9.248991310596466064e-02,-7.820588350296020508e-02,-9.935721755027770996e-02,1.118611693382263184e-01,-9.131635888479650021e-04,-1.663608998060226440e-01,1.601178050041198730e-01,6.759914010763168335e-02,1.732934415340423584e-01,1.301137804985046387e-01,5.342451855540275574e-02,8.636995404958724976e-02,-6.581911444664001465e-02,-8.305615931749343872e-02,4.476592876017093658e-03,-2.574915252625942230e-02,6.640863418579101562e-02,6.663480307906866074e-03,-1.685490831732749939e-02,-1.109349578619003296e-01,-2.801360003650188446e-02,-3.138353303074836731e-02,-6.497623026371002197e-02,4.369274154305458069e-02,1.593072563409805298e-01,1.035786792635917664e-01,-5.742928385734558105e-02,5.954450741410255432e-02,7.708332687616348267e-02,1.219392195343971252e-01,-1.799446716904640198e-02,-5.564478784799575806e-02,1.074103713035583496e-01,1.398367285728454590e-01,1.095525398850440979e-01,3.566755726933479309e-02,-2.431801892817020416e-02,-1.942218542098999023e-01,6.128446757793426514e-02,-1.851183921098709106e-02,-8.587624132633209229e-02,-1.593661159276962280e-01,-3.196755796670913696e-02,-4.808506369590759277e-02,-1.251521613448858261e-02,5.088665988296270370e-03,7.691619545221328735e-02,-2.860778942704200745e-02,-1.128532588481903076e-01,1.886091381311416626e-01,-1.540782600641250610e-01,-3.067829273641109467e-02,-4.015312343835830688e-02,-3.141310811042785645e-02,-8.583227545022964478e-02,6.246130913496017456e-02,1.263038516044616699e-01,1.216069459915161133e-01,-3.496672958135604858e-02,1.635528504848480225e-01,-1.262835413217544556e-01,-6.612078845500946045e-02,2.965930663049221039e-02,-1.067337691783905029e-01,-1.526491940021514893e-01,-3.919821232557296753e-02,-1.859790682792663574e-01,-6.680214405059814453e-02,4.571904242038726807e-02,-1.079727634787559509e-01,-1.768370270729064941e-01,-6.102717295289039612e-02,-1.213376075029373169e-01,-1.026053279638290405e-01,-2.628751471638679504e-02,8.424960076808929443e-02,-1.003756821155548096e-01,9.078093618154525757e-02,-1.244945451617240906e-02,-1.017237305641174316e-01,4.859621077775955200e-02,-9.721764922142028809e-02,-4.923911765217781067e-02,-7.435124367475509644e-02,-6.797605752944946289e-02,-7.692331820726394653e-02,-4.743091389536857605e-02,5.125156790018081665e-02,-1.602503806352615356e-01,6.409285217523574829e-02,9.172251075506210327e-02,-4.252227768301963806e-02,6.165282335132360458e-03,-1.019420251250267029e-01,4.444664344191551208e-02,3.768664086237549782e-03,4.266829788684844971e-02,1.380447447299957275e-01,1.074038213118910789e-03
TA,1.297169029712677002e-01,-5.374874919652938843e-02,-9.749597311019897461e-02,-2.961781341582536697e-03,-6.139776483178138733e-02,3.369449451565742493e-02,6.069241091609001160e-02,-2.066155821084976196e-01,9.013851732015609741e-02,-1.420921832323074341e-01,-4.768234491348266602e-02,-7.915795594453811646e-02,1.547458320856094360e-01,1.581851541996002197e-01,1.747643947601318359e-01,-2.245346549898386002e-04,-1.175713837146759033e-01,1.352668404579162598e-01,2.154658921062946320e-02,-1.107090339064598083e-01,1.330302357673645020e-01,1.711975410580635071e-02,3.426864743232727051e-02,1.615354716777801514e-01,-1.464174389839172363e-01,-2.688795626163482666e-01,-1.225146874785423279e-01,6.708395481109619141e-02,-3.682069480419158936e-02,-1.227788850665092468e-01,-3.661124035716056824e-02,7.413512468338012695e-02,-1.080077067017555237e-01,4.982173442840576172e-02,-4.736241325736045837e-02,-2.105720639228820801e-01,-8.652435988187789917e-02,1.796570569276809692e-01,1.941911727190017700e-01,2.081137336790561676e-02,-1.800586842000484467e-02,-8.555506169795989990e-02,1.732252836227416992e-01,6.248668208718299866e-02,6.949996203184127808e-02,2.348920255899429321e-01,1.768295317888259888e-01,-2.796898037195205688e-02,-2.751735225319862366e-02,-1.719249188899993896e-01,-1.032816320657730103e-01,-7.713532447814941406e-02,-5.736260488629341125e-02,5.363830178976058960e-02,5.111712589859962463e-02,-1.420608609914779663e-01,4.851331189274787903e-02,-1.389342546463012695e-01,-1.078099235892295837e-01,-1.044873222708702087e-01,-1.013548374176025391e-01,-3.882260527461767197e-03,7.983497530221939087e-02,-1.351626664400100708e-01,2.624976634979248047e-01,1.618111133575439453e-02,-3.945542499423027039e-02,-1.922732032835483551e-02,-4.603720083832740784e-02,1.311479322612285614e-02,2.190074026584625244e-01,9.331778436899185181e-02,1.756065059453248978e-03,-1.210405826568603516e-01,-1.391495168209075928e-01,-5.669685825705528259e-02,3.867731988430023193e-02,9.850554913282394409e-02,-9.710917621850967407e-02,4.790429957211017609e-03,-8.533429354429244995e-02,3.380408138036727905e-02,2.122029066085815430e-01,-1.145904883742332458e-01,-6.396927870810031891e-03,1.744117736816406250e-01,-1.004770696163177490e-01,6.745439022779464722e-02,-3.031525388360023499e-02,7.415427360683679581e-03,-6.732874363660812378e-02,6.652764230966567993e-02,-6.954291835427284241e-03,-3.967644646763801575e-02,1.303626149892807007e-01,-8.368612825870513916e-02,1.683308631181716919e-01,-1.347362399101257324e-01,1.611441671848297119e-01,8.873502165079116821e-02
TC,-1.282887160778045654e-01,7.521137595176696777e-02,2.634310722351074219e-02,2.796268276870250702e-02,4.618059471249580383e-02,3.556149825453758240e-02,-8.689139969646930695e-03,2.895115502178668976e-02,-3.887927392497658730e-03,1.224693283438682556e-01,8.555272594094276428e-03,2.030651569366455078e-01,-4.226641356945037842e-02,-6.051052827388048172e-03,-8.335075527429580688e-02,4.872207343578338623e-02,-1.647556759417057037e-02,7.187183946371078491e-02,-8.601361885666847229e-03,1.944855451583862305e-01,-7.323007285594940186e-02,1.557190269231796265e-01,-1.023505777120590210e-01,-1.314352750778198242e-01,1.485360115766525269e-01,1.839001923799514771e-01,-3.643731027841567993e-02,1.502885855734348297e-02,5.140416324138641357e-02,1.356837749481201172e-01,1.510888934135437012e-01,-4.665809497237205505e-02,-1.065483093261718750e-01,-3.725405037403106689e-02,2.127843052148818970e-01,2.777367271482944489e-02,3.895517066121101379e-02,-9.753417968750000000e-02,-1.832385957241058350e-01,-3.912226529791951180e-04,5.350283905863761902e-02,7.418990135192871094e-02,-2.126586623489856720e-02,5.310411378741264343e-02,-1.401220820844173431e-02,-1.887704133987426758e-01,-5.213353317230939865e-03,-3.927749115973711014e-03,1.500719226896762848e-02,4.140548780560493469e-02,5.192905664443969727e-02,-4.145631566643714905e-02,-1.929756999015808105e-02,4.408501461148262024e-02,-4.231270402669906616e-02,1.514768749475479126e-01,-8.002889901399612427e-02,2.177250981330871582e-01,3.870664164423942566e-02,3.150266781449317932e-02,1.642924845218658447e-01,3.489942103624343872e-02,2.354578115046024323e-02,7.836883515119552612e-02,-2.189084440469741821e-01,-4.912658780813217163e-02,-3.358648158609867096e-03,-1.124957129359245300e-01,-6.969044357538223267e-02,-7.829368859529495239e-02,-6.065510213375091553e-03,3.519242256879806519e-02,6.263009458780288696e-02,3.001697175204753876e-02,-1.206502225250005722e-02,-1.271501183509826660e-01,2.999792050104588270e-04,-8.934342116117477417e-02,1.653271540999412537e-02,2.138586528599262238e-02,1.306924689561128616e-02,-4.489246010780334473e-02,-1.190834492444992065e-01,6.090032309293746948e-02,3.330797702074050903e-02,-8.993575721979141235e-02,1.175939366221427917e-01,-1.069580018520355225e-01,-4.338262602686882019e-03,-1.010688692331314087e-01,9.864039719104766846e-02,3.127280995249748230e-02,-1.238919347524642944e-01,-8.354347944259643555e-02,-1.004085019230842590e-01,1.102062910795211792e-01,-4.967491328716278076e-02,8.245584368705749512e-02,-9.128877520561218262e-02,5.122719332575798035e-02
AT,1.702749431133270264e-01,-1.365024745464324951e-01,-1.766956970095634460e-02,-2.070969641208648682e-01,7.232297211885452271e-02,-9.446930885314941406e-02,-2.760764658451080322e-01,3.460684418678283691e-02,-1.217376440763473511e-01,1.414350569248199463e-01,-2.766355313360691071e-02,-9.460776299238204956e-02,1.864631893113255501e-03,1.183678060770034790e-01,5.543672014027833939e-03,8.201707899570465088e-02,-1.988852173089981079e-01,3.632109612226486206e-02,1.442039757966995239e-01,3.847320750355720520e-02,2.948393821716308594e-01,2.178208231925964355e-01,1.786439418792724609e-01,-1.048903986811637878e-01,3.224867954850196838e-02,-3.437493145465850830e-01,9.073125571012496948e-02,1.722297370433807373e-01,1.160922423005104065e-01,-6.801537424325942993e-02,-5.471340566873550415e-02,-1.521658003330230713e-01,-2.629465656355023384e-03,2.122552692890167236e-01,-2.328066825866699219e-01,5.625900253653526306e-02,-5.379329249262809753e-02,2.048742324113845825e-01,2.247850447893142700e-01,-8.857553452253341675e-02,8.830454200506210327e-02,-2.398881502449512482e-02,-1.121900230646133423e-01,-2.831597626209259033e-01,2.195592373609542847e-01,1.220903825014829636e-03,1.374467611312866211e-01,2.415688037872314453e-01,-3.842993173748254776e-03,-7.188730686902999878e-02,7.229737192392349243e-02,-1.218895763158798218e-01,1.163580119609832764e-01,2.860267758369445801e-01,-1.097264364361763000e-01,-1.736131459474563599e-01,1.670768409967422485e-01,-6.273458153009414673e-02,5.822374671697616577e-02,-1.970765888690948486e-01,-6.017408892512321472e-02,-1.000622138381004333e-01,-1.239430159330368042e-01,5.924907699227333069e-02,1.688198894262313843e-01,-3.601279854774475098e-01,-5.623758770525455475e-03,-8.072674274444580078e-02,6.426274031400680542e-02,8.877617865800857544e-02,-3.104823268949985504e-02,-7.654020190238952637e-02,1.034462638199329376e-02,-5.946652218699455261e-02,-1.086817383766174316e-01,-8.838549256324768066e-02,4.201578721404075623e-02,1.775538921356201172e-01,-9.898448735475540161e-02,-3.094044979661703110e-03,1.172921969555318356e-03,4.480239003896713257e-02,1.586764305830001831e-01,-6.824749708175659180e-02,1.936678588390350342e-01,1.239143833518028259e-01,-5.336473137140274048e-02,1.000353991985321045e-01,3.532009720802307129e-01,-3.006802797317504883e-01,-3.465181216597557068e-02,-2.555572055280208588e-02,8.664885908365249634e-02,-1.815091818571090698e-01,2.356397919356822968e-02,7.444674521684646606e-02,1.517684906721115112e-01,2.206546254456043243e-02,2.915770709514617920e-01,1.943786069750785828e-02
TT,-1.662401854991912842e-02,-9.026700258255004883e-02,1.170356664806604385e-02,-7.252525538206100464e-02,2.443694695830345154e-02,-1.222829595208168030e-01,-1.440490633249282837e-01,1.102628782391548157e-01,2.130181528627872467e-02,-6.777022033929824829e-02,5.734335165470838547e-03,1.601935178041458130e-02,7.980843633413314819e-02,2.879280410706996918e-02,3.804234787821769714e-02,1.183564662933349609e-01,-9.714428335428237915e-03,-5.613957345485687256e-02,4.481882229447364807e-02,5.518753081560134888e-02,9.431379288434982300e-02,2.601898461580276489e-02,9.244056046009063721e-02,-7.118155062198638916e-02,6.598488241434097290e-02,-1.629472225904464722e-01,-1.042128205299377441e-01,4.119010642170906067e-02,-1.166668757796287537e-01,-4.202672094106674194e-02,7.604566961526870728e-02,5.864960141479969025e-03,4.350725561380386353e-02,-1.003496348857879639e-01,-1.684145443141460419e-02,1.065507009625434875e-01,1.611132472753524780e-01,3.469329699873924255e-02,-2.849541045725345612e-02,-4.229204356670379639e-02,-7.453840225934982300e-02,-1.169954240322113037e-01,-1.559588015079498291e-01,9.673184901475906372e-02,2.385716512799263000e-02,-4.821517691016197205e-02,1.125597301870584488e-02,-5.848374566994607449e-04,1.259365081787109375e-01,4.299474507570266724e-02,-6.363496184349060059e-02,-9.030443429946899414e-02,7.044458389282226562e-02,1.333199441432952881e-01,4.764594137668609619e-02,-3.887871280312538147e-02,6.531470268964767456e-02,-3.087123483419418335e-02,4.275429993867874146e-02,-9.312433749437332153e-02,-5.428250133991241455e-02,-6.568636000156402588e-02,-1.284606009721755981e-01,5.219352245330810547e-02,1.162493079900741577e-01,4.468630068004131317e-03,3.538423404097557068e-02,6.456233561038970947e-02,1.224226579070091248e-01,1.164958700537681580e-01,5.657513439655303955e-02,8.130998909473419189e-02,-1.007758155465126038e-01,-4.771652817726135254e-02,-5.694007873535156250e-02,1.445930451154708862e-01,1.706671528518199921e-02,-4.201578721404075623e-02,1.454723626375198364e-01,-8.532977104187011719e-02,6.596956402063369751e-02,9.449205361306667328e-03,-3.423763066530227661e-02,1.036626007407903671e-02,8.459658175706863403e-02,3.422160819172859192e-02,-7.317771017551422119e-02,6.280273199081420898e-02,1.577602177858352661e-01,-1.434724181890487671e-01,1.397512108087539673e-01,-7.444164156913757324e-02,-1.044406369328498840e-01,-1.311507970094680786e-01,7.417708635330200195e-02,1.089959442615509033e-01,-5.716556683182716370e-02,1.148250252008438110e-01,5.404617637395858765e-02,3.285638988018035889e-02
AG,-5.861579254269599915e-02,1.432160437107086182e-01,2.776367031037807465e-02,2.429561130702495575e-02,9.069927968084812164e-03,1.205791905522346497e-01,1.544087529182434082e-01,1.771255135536193848e-01,-3.172316774725914001e-02,1.986698806285858154e-02,9.133635461330413818e-02,-1.258953008800745010e-02,1.491748075932264328e-02,1.498894207179546356e-02,-4.023943468928337097e-02,6.309884786605834961e-02,1.495821326971054077e-01,-1.434319466352462769e-01,-7.524643838405609131e-02,4.719233885407447815e-02,-1.121550053358078003e-02,5.651457607746124268e-02,-2.568279765546321869e-02,-3.808517009019851685e-02,-3.592665493488311768e-02,9.599194675683975220e-02,2.075988426804542542e-02,-1.367851495742797852e-01,4.367687925696372986e-02,9.381982684135437012e-02,3.717983141541481018e-02,7.956849038600921631e-02,-1.563127897679805756e-02,-2.241087891161441803e-02,1.722594350576400757e-02,-4.669263586401939392e-02,1.471601575613021851e-01,-1.057360842823982239e-01,-1.808660328388214111e-01,2.162244636565446854e-04,-1.028294768184423447e-02,-3.141809627413749695e-02,-1.136409267783164978e-01,-3.857785835862159729e-02,-9.727910161018371582e-02,-6.720480322837829590e-02,-2.097107470035552979e-01,-1.422777492552995682e-02,-3.705542534589767456e-02,1.949028670787811279e-01,1.192170567810535431e-02,9.357731789350509644e-02,4.537691920995712280e-02,-1.097955480217933655e-01,-5.489683523774147034e-02,2.301136404275894165e-02,-5.263133347034454346e-02,1.918777823448181152e-01,6.098924949765205383e-02,1.914870738983154297e-02,1.443275809288024902e-01,-7.792046666145324707e-02,6.107341870665550232e-02,1.100766807794570923e-01,-7.748301327228546143e-02,2.933211997151374817e-02,-3.463435219600796700e-03,5.723969265818595886e-02,1.053211092948913574e-01,-2.785973064601421356e-02,3.713597729802131653e-02,5.095987766981124878e-02,5.761811509728431702e-03,1.076224744319915771e-01,7.294125109910964966e-02,9.857753664255142212e-02,4.466163367033004761e-02,-5.436507239937782288e-02,1.078482940793037415e-01,3.754498809576034546e-02,4.505726322531700134e-02,-2.469724975526332855e-02,-8.650277554988861084e-02,2.577916532754898071e-02,-9.374334663152694702e-02,-1.864282190799713135e-01,7.182219624519348145e-02,-6.261249538511037827e-03,4.028191789984703064e-02,9.036289900541305542e-02,-3.619027137756347656e-02,-5.029722675681114197e-02,-2.543873526155948639e-02,-1.034261435270309448e-01,-9.416168183088302612e-02,8.206522464752197266e-02,-7.272229343652725220e-02,1.497630774974822998e-01,-1.998207159340381622e-02,-6.624686717987060547e-02
GC,5.365849006921052933e-03,4.994671791791915894e-02,7.658987492322921753e-02,5.354923009872436523e-02,1.417325530201196671e-02,-4.008269309997558594e-02,9.666723012924194336e-02,1.654350310564041138e-01,9.057807736098766327e-03,1.756803318858146667e-02,3.170774132013320923e-02,2.587625570595264435e-02,6.454033404588699341e-02,-1.274742279201745987e-02,7.482459768652915955e-03,-1.818817667663097382e-02,-2.657614648342132568e-02,8.526871353387832642e-02,-3.922130540013313293e-02,-3.180242329835891724e-02,8.336778730154037476e-02,-3.904228284955024719e-02,-3.427576273679733276e-02,-2.311174571514129639e-02,2.115331776440143585e-02,-6.228330731391906738e-02,-2.592320740222930908e-02,-9.330902993679046631e-02,2.133045159280300140e-02,8.584035187959671021e-02,-7.458116859197616577e-02,8.741533756256103516e-02,2.690665982663631439e-02,-9.815346449613571167e-02,4.163053259253501892e-02,7.616616785526275635e-02,1.322606671601533890e-02,-8.775623142719268799e-02,-5.608820915222167969e-02,1.161201670765876770e-01,8.078601956367492676e-02,-8.281058073043823242e-02,-8.722651749849319458e-02,2.778863534331321716e-02,-1.481716185808181763e-01,-1.325200051069259644e-01,-1.370424628257751465e-01,-7.337271422147750854e-02,-3.867450356483459473e-02,1.832144148647785187e-02,-1.111640483140945435e-01,5.144359916448593140e-02,-8.988239802420139313e-03,-9.249091893434524536e-02,4.755084961652755737e-02,4.087975248694419861e-02,2.041659317910671234e-02,-5.023498088121414185e-02,-2.565842121839523315e-03,1.533127576112747192e-02,1.200535595417022705e-01,1.096355356276035309e-02,7.262042909860610962e-02,-1.156794503331184387e-01,9.484285861253738403e-02,9.972708672285079956e-02,-1.226307824254035950e-01,-5.439543351531028748e-02,7.037141174077987671e-02,1.083680707961320877e-02,-4.743463173508644104e-02,-7.241875678300857544e-02,-8.116207271814346313e-02,7.597515732049942017e-02,-8.423149585723876953e-03,4.840350523591041565e-02,9.517282247543334961e-02,-7.704489678144454956e-02,5.936860293149948120e-02,-1.184505149722099304e-01,-1.073766574263572693e-01,-1.554745342582464218e-02,1.317758560180664062e-01,5.765165761113166809e-02,-1.000268035568296909e-03,-3.806686773896217346e-02,4.579038545489311218e-02,9.628944098949432373e-02,1.228125486522912979e-02,-9.402087330818176270e-02,-1.941345818340778351e-02,7.812403887510299683e-02,-3.831819444894790649e-02,6.323821842670440674e-02,-1.058653816580772400e-01,-3.283214569091796875e-02,-1.435281783342361450e-01,5.112449452280998230e-02,5.981169268488883972e-02,9.434597194194793701e-02
GA,-5.108189210295677185e-02,-4.039914533495903015e-02,9.330532699823379517e-02,-1.372104883193969727e-01,1.050660684704780579e-01,-3.952840715646743774e-02,-1.004769280552864075e-01,8.228482306003570557e-02,-3.295532986521720886e-02,-4.125409573316574097e-02,2.871411666274070740e-02,7.893548160791397095e-02,4.187555983662605286e-02,2.159827761352062225e-02,5.558426305651664734e-02,-3.223582729697227478e-02,4.208778962492942810e-02,5.350614339113235474e-02,9.047309309244155884e-02,-5.321692302823066711e-02,-2.538026496767997742e-02,5.514460802078247070e-02,8.051162213087081909e-02,-8.595109917223453522e-03,6.623348593711853027e-02,2.304452657699584961e-02,7.600002735853195190e-02,8.497305214405059814e-02,1.971401646733283997e-02,4.042310640215873718e-02,-7.231796532869338989e-02,3.216034919023513794e-02,1.366513594985008240e-02,3.505806252360343933e-02,6.791077554225921631e-02,4.758991301059722900e-02,7.911461591720581055e-02,1.145505681633949280e-01,1.356941759586334229e-01,5.371651798486709595e-02,8.784997463226318359e-02,1.492128428071737289e-02,-1.349285095930099487e-01,-4.584561288356781006e-02,-1.051272302865982056e-01,2.413445897400379181e-02,8.247332274913787842e-02,3.064514603465795517e-03,8.454033732414245605e-02,3.000015206634998322e-02,-9.233137220144271851e-02,-4.219457879662513733e-02,-1.511719264090061188e-02,8.211380243301391602e-02,-1.616445742547512054e-02,4.501236602663993835e-02,-5.722206830978393555e-02,-5.215204134583473206e-02,-6.827268004417419434e-02,-8.054598420858383179e-02,8.226071298122406006e-02,-1.611706800758838654e-02,-3.735408186912536621e-02,-3.450950980186462402e-02,-8.950619958341121674e-04,-2.933932654559612274e-02,-1.140442024916410446e-02,6.216700747609138489e-02,-7.447240501642227173e-02,-1.107985619455575943e-02,-1.446158345788717270e-02,2.154768444597721100e-04,4.535209387540817261e-02,4.532408341765403748e-02,-5.593660101294517517e-02,1.186414994299411774e-02,-5.932936444878578186e-02,4.333125427365303040e-02,8.503878116607666016e-02,-9.362614713609218597e-03,-9.545387327671051025e-02,-7.965136319398880005e-02,-7.762831170111894608e-03,8.859832584857940674e-02,-3.718418255448341370e-02,7.183532416820526123e-02,-8.483312278985977173e-02,-7.096540927886962891e-02,3.283448889851570129e-02,6.140110641717910767e-02,3.810267150402069092e-02,-8.174490928649902344e-02,-7.182352989912033081e-02,-4.755627363920211792e-02,5.587476491928100586e-02,2.884689904749393463e-02,-5.476799979805946350e-02,1.297857314348220825e-01,1.126688271760940552e-01,5.617010965943336487e-02
TG,8.848862349987030029e-02,1.067209020256996155e-01,-9.291917830705642700e-02,4.708353802561759949e-02,1.143225096166133881e-02,-6.873132288455963135e-02,-8.573026955127716064e-02,7.365456223487854004e-02,-2.795335836708545685e-02,4.522387310862541199e-02,-6.552033126354217529e-02,-4.537755995988845825e-02,-4.663348197937011719e-02,-4.696147143840789795e-02,-4.610624909400939941e-02,4.311487451195716858e-02,-3.539687488228082657e-03,-3.975955396890640259e-02,-9.174971282482147217e-02,1.145745664834976196e-01,-1.239945143461227417e-01,4.036812111735343933e-02,-8.071757107973098755e-02,4.006672278046607971e-02,9.590109437704086304e-02,4.040285944938659668e-02,-3.093262203037738800e-02,-5.068895220756530762e-02,1.259359065443277359e-02,-5.877822171896696091e-03,-8.436490595340728760e-02,-2.879586257040500641e-02,9.064786881208419800e-02,9.115735441446304321e-02,-1.681139506399631500e-02,9.221007674932479858e-02,3.736247122287750244e-02,6.835620850324630737e-02,-7.697754353284835815e-02,-4.388671740889549255e-02,-1.113086193799972534e-01,-6.249563768506050110e-03,9.613005816936492920e-02,3.424030542373657227e-02,-6.028265133500099182e-02,-1.431814432144165039e-01,4.731251299381256104e-02,-1.181269735097885132e-01,-9.913776069879531860e-02,7.815767824649810791e-02,-1.098991110920906067e-01,-5.526651069521903992e-02,2.547233365476131439e-02,8.493891358375549316e-02,-2.432292327284812927e-02,1.335209906101226807e-01,-8.377357386052608490e-03,1.346718519926071167e-01,9.814032167196273804e-02,-8.291456848382949829e-02,-3.637569770216941833e-02,9.948320686817169189e-02,4.406223818659782410e-02,-6.402403861284255981e-02,3.941372781991958618e-02,-8.537171781063079834e-02,-1.982812024652957916e-02,9.950908273458480835e-02,7.038693875074386597e-03,8.512310683727264404e-02,-8.907915651798248291e-02,5.666987225413322449e-02,-6.489074975252151489e-02,9.050863794982433319e-03,1.437847316265106201e-02,-2.512537501752376556e-02,-8.517491072416305542e-02,9.207906574010848999e-02,-1.208441564813256264e-03,-3.415367566049098969e-03,-3.152641281485557556e-02,1.279208343476057053e-02,5.536533147096633911e-02,-2.209255658090114594e-02,6.803000718355178833e-02,2.999092452228069305e-02,-9.155663847923278809e-02,7.171139121055603027e-02,-1.145879924297332764e-01,-2.992780646309256554e-04,5.049269273877143860e-02,1.052955240011215210e-01,5.836632568389177322e-03,1.104376837611198425e-01,-2.778441086411476135e-02,3.392516449093818665e-02,-6.398498266935348511e-02,8.966497331857681274e-02,-4.110721871256828308e-02,5.515122786164283752e-02
CG,4.639894887804985046e-02,8.206968009471893311e-02,-6.568632274866104126e-02,1.272498667240142822e-01,7.121986709535121918e-03,6.017090752720832825e-03,-7.260727137327194214e-02,-7.180129736661911011e-02,-8.135062456130981445e-02,4.591986164450645447e-02,9.921832941472530365e-03,-5.224644765257835388e-02,-5.853136070072650909e-03,-3.546908125281333923e-02,-8.274225145578384399e-02,5.230259895324707031e-02,9.520763903856277466e-02,-8.409522473812103271e-02,-3.698268160223960876e-02,-1.831362256780266762e-03,-7.628953550010919571e-03,-1.111371964216232300e-01,2.671932056546211243e-02,-1.601770520210266113e-02,7.547958195209503174e-02,-4.693574458360671997e-02,3.523622080683708191e-02,-5.273764580488204956e-02,-1.768589206039905548e-02,9.979272633790969849e-02,-6.083346903324127197e-02,1.620514504611492157e-02,-8.166555315256118774e-02,-1.016761660575866699e-01,-5.204466357827186584e-02,7.332699000835418701e-02,1.126660257577896118e-01,-6.429572403430938721e-02,-8.241001516580581665e-02,9.116248041391372681e-02,3.349342197179794312e-02,-3.150345012545585632e-02,5.833388864994049072e-02,-8.378154784440994263e-02,8.875639177858829498e-03,-9.438103437423706055e-02,4.135012254118919373e-02,-4.248825460672378540e-02,-8.156013488769531250e-02,4.440642148256301880e-02,-6.213461235165596008e-02,9.768389165401458740e-02,-7.186135649681091309e-02,-1.043703332543373108e-01,1.153418794274330139e-02,3.163409605622291565e-02,1.569150947034358978e-02,1.115071475505828857e-01,-7.892246544361114502e-02,9.607608616352081299e-02,-9.108141064643859863e-02,-9.355011582374572754e-02,-5.581628903746604919e-02,7.420821115374565125e-03,8.359472267329692841e-03,2.890552766621112823e-02,-2.741246856749057770e-02,2.479866333305835724e-02,8.951763808727264404e-02,2.444600220769643784e-03,6.293932348489761353e-02,-3.167339414358139038e-02,5.518095567822456360e-02,6.911461055278778076e-02,-1.728476025164127350e-02,-2.495107613503932953e-02,5.957010015845298767e-02,2.133435755968093872e-02,3.047664836049079895e-02,3.224855661392211914e-02,7.984557002782821655e-02,5.923411250114440918e-02,-7.624401152133941650e-02,-1.460429653525352478e-02,2.475252188742160797e-02,-1.082960888743400574e-01,2.880479954183101654e-02,-1.161832511425018311e-01,-4.004117101430892944e-02,-2.153596282005310059e-02,-3.117025271058082581e-02,-7.050254940986633301e-02,-7.957140915095806122e-03,8.104109764099121094e-02,-2.040604129433631897e-03,-3.190396726131439209e-02,-1.188280507922172546e-01,-2.619774639606475830e-02,-2.423012070357799530e-02,-8.771388977766036987e-02
GG,6.172446161508560181e-02,5.891491100192070007e-02,-7.214190065860748291e-02,-8.505015634000301361e-03,8.771637082099914551e-02,-8.169919252395629883e-02,3.519013896584510803e-02,2.496156655251979828e-02,6.072072684764862061e-02,3.625524789094924927e-02,-6.338997185230255127e-02,4.597241058945655823e-02,2.730656042695045471e-02,1.375894178636372089e-03,1.021542251110076904e-01,-3.073757886886596680e-02,6.148509681224822998e-02,-1.992643624544143677e-02,-6.924237310886383057e-02,2.707225270569324493e-02,3.112178482115268707e-02,2.158859185874462128e-02,1.789697259664535522e-02,4.629841446876525879e-02,-6.367370486259460449e-02,-1.013837829232215881e-01,-6.656435132026672363e-02,9.821357578039169312e-02,-6.804920732975006104e-02,-1.021661516278982162e-02,-1.113844141364097595e-01,2.034655027091503143e-02,-3.333017975091934204e-02,-2.860464714467525482e-02,-9.673414379358291626e-02,-9.111177921295166016e-02,-1.917693577706813812e-02,6.373932212591171265e-02,1.058150231838226318e-01,-5.185866355895996094e-02,-3.488972038030624390e-02,-1.699011772871017456e-02,2.506078593432903290e-02,-5.741290003061294556e-02,1.949830912053585052e-02,-1.886034011840820312e-02,7.707684487104415894e-02,8.457200229167938232e-02,-1.009816750884056091e-01,4.962316527962684631e-02,-9.783662855625152588e-02,-7.272497564554214478e-02,-5.697128176689147949e-02,-9.405234456062316895e-02,-6.614969111979007721e-03,-5.369845032691955566e-02,1.959304325282573700e-02,-1.991528272628784180e-02,-9.814092516899108887e-02,-1.644608192145824432e-02,4.246569797396659851e-02,-1.007837131619453430e-01,-1.406003534793853760e-02,-5.946476757526397705e-02,-5.715465173125267029e-02,-1.038510650396347046e-01,9.358862042427062988e-02,-7.505065202713012695e-02,-7.501743733882904053e-02,6.154613569378852844e-02,8.307256549596786499e-02,4.278353974223136902e-02,-2.001138776540756226e-02,-2.484666556119918823e-02,4.003731533885002136e-02,-6.440322101116180420e-02,1.542518287897109985e-02,5.768468137830495834e-03,-4.036162421107292175e-02,1.072944775223731995e-01,-1.522398646920919418e-02,1.172224758192896843e-03,-4.979376122355461121e-02,-2.010745741426944733e-02,8.484870940446853638e-02,-3.827324882149696350e-02,-6.246940791606903076e-02,2.709847502410411835e-02,-7.873317599296569824e-02,5.841677263379096985e-02,5.196554958820343018e-02,-9.491504728794097900e-02,6.924704462289810181e-02,5.499991029500961304e-02,3.232020884752273560e-02,6.326790899038314819e-02,7.292287796735763550e-02,1.024083718657493591e-01,2.276993915438652039e-02,-9.700436145067214966e-02
GT,2.408183738589286804e-02,-1.136067584156990051e-01,3.193885087966918945e-02,-1.558174844831228256e-02,-1.150068547576665878e-02,2.662046067416667938e-02,-1.246989890933036804e-02,1.043105646967887878e-01,-5.583694577217102051e-02,3.013322502374649048e-02,5.593085289001464844e-02,-1.018539145588874817e-01,-3.388504730537533760e-03,-1.711358129978179932e-02,-4.891403391957283020e-02,6.750077009201049805e-02,-1.571648754179477692e-02,-1.021069735288619995e-01,-7.865251600742340088e-02,7.228492200374603271e-02,-1.745536923408508301e-02,-6.336436420679092407e-02,1.892929337918758392e-02,1.352242752909660339e-02,4.192316439002752304e-03,-1.296276748180389404e-01,-3.857397660613059998e-02,1.808711886405944824e-02,6.848988682031631470e-02,-3.794820234179496765e-02,-1.040521264076232910e-01,-4.411384090781211853e-02,-3.069448471069335938e-02,3.420896083116531372e-02,-1.029405593872070312e-01,-2.021877840161323547e-02,8.728228509426116943e-02,-7.148798555135726929e-02,5.159185454249382019e-02,-4.828838258981704712e-02,-6.695971637964248657e-02,7.673833519220352173e-02,5.554025247693061829e-02,8.789463341236114502e-02,-1.087006926536560059e-01,5.226539075374603271e-02,4.054973646998405457e-02,3.657662123441696167e-02,-8.712959289550781250e-02,-4.799905046820640564e-02,-4.429549723863601685e-02,1.015671938657760620e-01,-3.708569332957267761e-02,-3.768987208604812622e-02,1.303310412913560867e-02,-8.634351193904876709e-03,-3.564981045201420784e-03,5.488521978259086609e-02,4.806408658623695374e-02,7.107242196798324585e-02,-2.056276798248291016e-02,-1.063956469297409058e-01,-5.284570157527923584e-03,3.654624149203300476e-02,-2.831891551613807678e-02,-7.493820041418075562e-02,-6.073889881372451782e-02,6.208268553018569946e-02,3.405659645795822144e-02,1.091737374663352966e-01,7.628209143877029419e-02,3.106960654258728027e-02,6.077046319842338562e-02,-4.005049355328083038e-03,-1.158963218331336975e-01,-1.766942441463470459e-02,1.851684786379337311e-02,-5.719863623380661011e-02,-8.647156506776809692e-02,5.426578596234321594e-02,4.400534555315971375e-02,4.170634318143129349e-03,-4.919444210827350616e-03,3.976047039031982422e-02,-1.100541930645704269e-02,-1.606695121154189110e-03,-1.110879331827163696e-02,-3.063555061817169189e-02,5.560654401779174805e-02,-9.793429076671600342e-02,-1.595528447069227695e-03,5.032064020633697510e-02,3.904190659523010254e-02,-3.633998334407806396e-02,8.479858934879302979e-02,3.807631880044937134e-02,-7.478597015142440796e-02,7.745004445314407349e-02,8.963605016469955444e-02,5.966876819729804993e-02
